n,k,flint_solve_ms,flint_det_ms
32,16,3.176299,0.213155
64,16,16.093623,1.741541
128,16,103.229336,10.665779
256,16,986.555731,70.915651
