n,k,hensel_ms,crt_ms,iml_ms,hensel_vs_crt,hensel_vs_iml,iterations
32,16,2.245363,1.100850,6.550000,0.490277,2.917123,5
64,16,8.775716,7.190083,15.090000,0.819316,1.719518,6
128,16,41.571851,52.614234,63.400000,1.265622,1.525070,7
256,16,265.704867,352.067662,318.920000,1.325033,1.200279,8
