sparsity,n,nnz,k,dense_ms,sparse_ms,speedup
0.5023,256,32617,16,1016.609247,541.671513,1.8768
0.8018,256,12991,16,996.065863,1162.455067,0.8569
0.9533,256,3059,16,862.753394,538.483730,1.6022
0.9922,256,509,16,18.263284,43.089065,0.4238
