n,k,v1_primes,v2_primes,v1_ms,v2_ms,speedup,prime_reduction
32,16,68,34,22.944631,13.422218,1.709451,2.000000
64,16,136,68,114.477694,60.348752,1.896936,2.000000
128,16,273,137,476.102568,319.918049,1.488202,1.992701
256,16,546,273,3207.525499,2308.681373,1.389332,2.000000
