n,k,v1_primes,v2_primes,v1_gpu_ms,v2_gpu_ms,v1_total_ms,v2_total_ms,gpu_speedup,total_speedup,prime_reduction
32,16,68,34,1.093102,6.166551,20.235934,12.516696,0.177263,1.616715,2.000000
64,16,136,68,5.898750,16.166475,98.434131,56.977784,0.364875,1.727588,2.000000
128,16,273,137,37.003824,52.004277,572.102615,344.851400,0.711553,1.658983,1.992701
256,16,546,273,300.986813,307.980307,3173.039865,2466.424944,0.977292,1.286494,2.000000
