n,k,v1_primes,v2_primes,v1_ms,v2_ms,speedup,prime_reduction
32,16,17,9,5.130371,7.127416,0.719808,1.888889
64,16,35,18,22.482271,19.066338,1.179160,1.944444
128,16,72,37,100.080449,75.308336,1.328943,1.945946
256,16,150,76,581.824466,393.360680,1.479112,1.973684
