n,k,v1_primes,v2_primes,v1_gpu_ms,v2_gpu_ms,v1_crt_ms,v2_crt_ms,v1_total_ms,v2_total_ms,gpu_speedup,crt_speedup,total_speedup,prime_reduction
32,16,68,34,1.120361,6.137989,1.539667,2.020082,2.660028,8.158070,0.182529,0.762180,0.326061,2.000000
64,16,136,68,5.431889,15.838152,6.657848,8.347674,12.089737,24.185827,0.342962,0.797569,0.499869,2.000000
128,16,273,137,44.358437,49.787789,27.074379,32.712552,71.432815,82.500341,0.890950,0.827645,0.865849,1.992701
256,16,546,273,307.161942,298.059315,124.135006,147.172468,431.296948,445.231783,1.030540,0.843466,0.968702,2.000000
